subtype_id,subtype_label,gene,pathway,mean_burden,overall_mean,fold_change,effect_size
0,subtype_0,RRM2,HALLMARK_MTORC1_SIGNALING,5.2243,3.3118,1.5775,3.021
0,subtype_0,NUSAP1,HALLMARK_MITOTIC_SPINDLE,4.0133,2.7562,1.4561,3.0126
0,subtype_0,CDKN3,HALLMARK_SPERMATOGENESIS,3.5105,2.6476,1.3259,2.8292
0,subtype_0,TOP2A,HALLMARK_PEROXISOME,4.2879,3.0658,1.3986,2.7744
0,subtype_0,TYMS,HALLMARK_MYC_TARGETS_V1,5.7576,3.9248,1.467,2.7426
0,subtype_0,DLGAP5,HALLMARK_MITOTIC_SPINDLE,3.4286,2.3184,1.4789,2.721
0,subtype_0,PRC1,HALLMARK_MITOTIC_SPINDLE,4.475,2.8813,1.5531,2.7106
0,subtype_0,CDK1,HALLMARK_SPERMATOGENESIS,3.5775,2.5402,1.4083,2.6941
0,subtype_0,CCNA2,HALLMARK_MYC_TARGETS_V1,3.6163,2.5239,1.4328,2.6208
0,subtype_0,UBE2C,HALLMARK_G2M_CHECKPOINT,5.473,4.1977,1.3038,2.5822
0,subtype_0,CKS1B,HALLMARK_UNFOLDED_PROTEIN_RESPONSE,3.2566,2.5746,1.2649,2.5689
0,subtype_0,CENPN,HALLMARK_ANDROGEN_RESPONSE,3.3194,2.7264,1.2175,2.5394
0,subtype_0,ZWINT,HALLMARK_DNA_REPAIR,4.8936,3.1273,1.5648,2.5388
0,subtype_0,BIRC5,HALLMARK_MITOTIC_SPINDLE,3.4141,2.792,1.2228,2.4987
0,subtype_0,FEN1,HALLMARK_UV_RESPONSE_UP,3.5308,2.7052,1.3052,2.4963
0,subtype_0,KIF2C,HALLMARK_SPERMATOGENESIS,3.4614,2.6053,1.3286,2.4941
0,subtype_0,CKS2,HALLMARK_G2M_CHECKPOINT,4.8833,3.128,1.5612,2.4791
0,subtype_0,TPX2,HALLMARK_MITOTIC_SPINDLE,3.7607,2.6431,1.4228,2.477
0,subtype_0,CCNB2,HALLMARK_SPERMATOGENESIS,5.3061,3.6005,1.4737,2.476
0,subtype_0,BUB1,HALLMARK_SPERMATOGENESIS,3.6507,2.5441,1.435,2.4692
1,subtype_1,PGM2,HALLMARK_HYPOXIA,5.7547,5.2254,1.1013,1.5138
1,subtype_1,ADAM9,HALLMARK_COMPLEMENT,5.4421,4.8221,1.1286,1.4075
1,subtype_1,PDGFC,HALLMARK_IL6_JAK_STAT3_SIGNALING,3.9979,3.3533,1.1922,1.3545
1,subtype_1,PIK3CB,HALLMARK_APICAL_JUNCTION,4.1314,3.7068,1.1145,1.3212
1,subtype_1,ATP6V1C1,HALLMARK_UV_RESPONSE_UP,6.947,6.2028,1.12,1.3178
1,subtype_1,ADAM10,HALLMARK_PROTEIN_SECRETION,4.3363,3.85,1.1263,1.3154
1,subtype_1,HPGD,HALLMARK_FATTY_ACID_METABOLISM,5.6692,4.2788,1.3249,1.315
1,subtype_1,SULT1B1,HALLMARK_BILE_ACID_METABOLISM,5.9072,5.1097,1.1561,1.2817
1,subtype_1,CAB39,HALLMARK_PI3K_AKT_MTOR_SIGNALING,6.704,6.1495,1.0902,1.2713
1,subtype_1,GMFB,HALLMARK_COMPLEMENT,3.5684,3.2018,1.1145,1.2673
1,subtype_1,CLTC,HALLMARK_PROTEIN_SECRETION,7.3154,6.9309,1.0555,1.2648
1,subtype_1,SGMS2,HALLMARK_INFLAMMATORY_RESPONSE,4.0146,3.5529,1.1299,1.2501
1,subtype_1,AMPD3,HALLMARK_HYPOXIA,4.8319,4.4158,1.0942,1.2432
1,subtype_1,ISG20,HALLMARK_INTERFERON_GAMMA_RESPONSE,7.6464,8.2677,0.9249,-1.2301
1,subtype_1,MEF2A,HALLMARK_MYOGENESIS,6.2392,5.6767,1.0991,1.2228
1,subtype_1,PGK1,HALLMARK_MYC_TARGETS_V1,9.6272,9.2604,1.0396,1.2185
1,subtype_1,SDHC,HALLMARK_OXIDATIVE_PHOSPHORYLATION,6.7482,6.3805,1.0576,1.2149
1,subtype_1,ACTR3,HALLMARK_PI3K_AKT_MTOR_SIGNALING,9.2186,8.8339,1.0435,1.1938
1,subtype_1,IRAK4,HALLMARK_PI3K_AKT_MTOR_SIGNALING,5.0312,4.6698,1.0774,1.1864
1,subtype_1,RAB27A,HALLMARK_UV_RESPONSE_UP,8.7066,8.2845,1.0509,1.1822
2,subtype_2,EVL,HALLMARK_APICAL_JUNCTION,5.2851,4.0967,1.2901,2.2456
2,subtype_2,GPR18,HALLMARK_INTERFERON_GAMMA_RESPONSE,5.7333,4.2512,1.3486,2.2372
2,subtype_2,PTCD3,HALLMARK_ADIPOGENESIS,3.9574,3.3708,1.174,2.1535
2,subtype_2,FLT3LG,HALLMARK_IL2_STAT5_SIGNALING,3.9333,3.0751,1.2791,2.1254
2,subtype_2,DYRK2,HALLMARK_COMPLEMENT,4.1615,3.1655,1.3146,2.0826
2,subtype_2,LCK,HALLMARK_PI3K_AKT_MTOR_SIGNALING,5.5902,4.0881,1.3675,2.0512
2,subtype_2,GADD45A,HALLMARK_TNFA_SIGNALING_VIA_NFKB,6.0693,7.8662,0.7716,-2.0151
2,subtype_2,CD3G,HALLMARK_ALLOGRAFT_REJECTION,6.3163,4.7338,1.3343,1.9761
2,subtype_2,SIT1,HALLMARK_ALLOGRAFT_REJECTION,6.4518,5.4796,1.1774,1.9699
2,subtype_2,SDAD1,HALLMARK_UNFOLDED_PROTEIN_RESPONSE,4.3129,3.7461,1.1513,1.9639
2,subtype_2,THEM4,HALLMARK_PI3K_AKT_MTOR_SIGNALING,3.2293,2.5495,1.2666,1.9581
2,subtype_2,CD96,HALLMARK_ALLOGRAFT_REJECTION,3.796,3.0022,1.2644,1.9565
2,subtype_2,SIDT1,HALLMARK_KRAS_SIGNALING_DN,4.2667,3.3372,1.2785,1.9437
2,subtype_2,CD3D,HALLMARK_ALLOGRAFT_REJECTION,6.5381,5.0072,1.3057,1.9411
2,subtype_2,BCL11B,HALLMARK_ESTROGEN_RESPONSE_EARLY,5.7085,4.0288,1.4169,1.9278
2,subtype_2,AKAP1,HALLMARK_ESTROGEN_RESPONSE_EARLY,3.6769,3.1452,1.169,1.9186
2,subtype_2,LPIN1,HALLMARK_SPERMATOGENESIS,5.3591,4.3813,1.2232,1.9038
2,subtype_2,EPHX2,HALLMARK_PEROXISOME,3.3034,2.4159,1.3674,1.8945
2,subtype_2,GATA3,HALLMARK_COMPLEMENT,3.8984,3.2708,1.1919,1.8937
2,subtype_2,HLA-DMB,HALLMARK_ALLOGRAFT_REJECTION,5.4532,4.3581,1.2513,1.8811
3,subtype_3,MDH1,HALLMARK_OXIDATIVE_PHOSPHORYLATION,6.3702,6.8144,0.9348,-1.6036
3,subtype_3,GNPAT,HALLMARK_PEROXISOME,4.6816,5.1144,0.9154,-1.5713
3,subtype_3,ACAT1,HALLMARK_OXIDATIVE_PHOSPHORYLATION,3.9022,4.5071,0.8658,-1.5228
3,subtype_3,ADSL,HALLMARK_FATTY_ACID_METABOLISM,6.0691,6.5203,0.9308,-1.4863
3,subtype_3,NDUFA8,HALLMARK_OXIDATIVE_PHOSPHORYLATION,5.8318,6.2611,0.9314,-1.4858
3,subtype_3,PSMD14,HALLMARK_MYC_TARGETS_V1,4.0235,4.5122,0.8917,-1.4726
3,subtype_3,RAP1GDS1,HALLMARK_FATTY_ACID_METABOLISM,3.1827,3.5009,0.9091,-1.4426
3,subtype_3,NDUFB5,HALLMARK_OXIDATIVE_PHOSPHORYLATION,5.4252,5.8522,0.927,-1.4398
3,subtype_3,XPOT,HALLMARK_UNFOLDED_PROTEIN_RESPONSE,4.9003,5.3477,0.9163,-1.4267
3,subtype_3,EED,HALLMARK_E2F_TARGETS,3.6768,4.0991,0.897,-1.4249
3,subtype_3,RALA,HALLMARK_DNA_REPAIR,3.8172,4.1239,0.9256,-1.4188
3,subtype_3,TM7SF3,HALLMARK_P53_PATHWAY,5.2709,5.7593,0.9152,-1.4178
3,subtype_3,DNM1L,HALLMARK_PROTEIN_SECRETION,3.5869,3.902,0.9193,-1.4153
3,subtype_3,ACADM,HALLMARK_OXIDATIVE_PHOSPHORYLATION,2.7254,3.1002,0.8791,-1.4123
3,subtype_3,METTL3,HALLMARK_ESTROGEN_RESPONSE_LATE,3.3105,3.5842,0.9236,-1.4122
3,subtype_3,ILF2,HALLMARK_MYC_TARGETS_V1,5.9623,6.3302,0.9419,-1.4113
3,subtype_3,ADH5,HALLMARK_XENOBIOTIC_METABOLISM,3.4598,3.8315,0.903,-1.4048
3,subtype_3,OSTC,HALLMARK_FATTY_ACID_METABOLISM,5.0307,5.5209,0.9112,-1.3996
3,subtype_3,EIF2S1,HALLMARK_UNFOLDED_PROTEIN_RESPONSE,3.7018,3.9736,0.9316,-1.3916
3,subtype_3,NUDT21,HALLMARK_E2F_TARGETS,3.391,3.7493,0.9044,-1.3909
