subtype_id,subtype_label,pathway,mean_score,overall_mean,fold_change,effect_size,p_value,q_value,significant
0,subtype_0,HALLMARK_G2M_CHECKPOINT,1.9907,-0.0,-1.4380483617888731e+17,3.2241,0.0,0.0,True
0,subtype_0,HALLMARK_SPERMATOGENESIS,1.863,0.0,4833901588200733.0,2.8364,0.0,0.0,True
0,subtype_0,HALLMARK_E2F_TARGETS,1.8587,0.0,,2.8248,0.0,0.0,True
0,subtype_0,HALLMARK_MTORC1_SIGNALING,1.5649,-0.0,-3758164335139682.0,2.1387,0.0,0.0,True
0,subtype_0,HALLMARK_GLYCOLYSIS,1.3734,0.0,1.5502125770926394e+17,1.784,0.0,0.0,True
0,subtype_0,HALLMARK_UNFOLDED_PROTEIN_RESPONSE,1.2414,0.0,7473017367519550.0,1.5667,0.0,0.0,True
0,subtype_0,HALLMARK_DNA_REPAIR,1.2218,-0.0,-2050691859102452.8,1.536,0.0,0.0,True
0,subtype_0,HALLMARK_FATTY_ACID_METABOLISM,1.1962,-0.0,-1179145626876250.2,1.4963,0.0,0.0,True
0,subtype_0,HALLMARK_UV_RESPONSE_UP,1.1653,0.0,1342091822359524.8,1.4493,0.0,0.0,True
0,subtype_0,HALLMARK_OXIDATIVE_PHOSPHORYLATION,1.1352,0.0,1601618995016992.5,1.4042,0.0,0.0,True
0,subtype_0,HALLMARK_ESTROGEN_RESPONSE_LATE,1.0909,-0.0,-2551864206644710.5,1.3392,0.0,0.0,True
0,subtype_0,HALLMARK_MYC_TARGETS_V1,1.0081,0.0,940419593666477.0,1.2214,0.0,0.0,True
0,subtype_0,HALLMARK_ADIPOGENESIS,1.0019,0.0,1884839408540559.0,1.2128,0.0,0.0,True
0,subtype_0,HALLMARK_NOTCH_SIGNALING,-0.9641,-0.0,2.487373025966658e+16,-1.1606,0.0,0.0,True
0,subtype_0,HALLMARK_REACTIVE_OXYGEN_SPECIES_PATHWAY,0.8995,0.0,2030513144299715.5,1.0733,0.0,0.0,True
0,subtype_0,HALLMARK_MITOTIC_SPINDLE,0.8527,0.0,1.374886558318947e+16,1.0114,0.0,0.0,True
0,subtype_0,HALLMARK_CHOLESTEROL_HOMEOSTASIS,0.834,-0.0,-3362091429142269.5,0.9871,0.0,0.0,True
0,subtype_0,HALLMARK_INFLAMMATORY_RESPONSE,-0.7223,-0.0,1918173899347401.8,-0.8444,0.0,0.0,True
0,subtype_0,HALLMARK_HEDGEHOG_SIGNALING,-0.7085,-0.0,1.0319054865773094e+16,-0.8272,0.0,0.0,True
0,subtype_0,HALLMARK_TGF_BETA_SIGNALING,-0.6906,-0.0,1321160788542996.8,-0.8049,0.0,0.0,True
0,subtype_0,HALLMARK_HEME_METABOLISM,0.6453,0.0,1867690093153612.5,0.749,0.0,0.0,True
0,subtype_0,HALLMARK_BILE_ACID_METABOLISM,0.6389,0.0,1413908081740061.8,0.7411,0.0,0.0,True
0,subtype_0,HALLMARK_WNT_BETA_CATENIN_SIGNALING,-0.6351,0.0,-6516301408656342.0,-0.7364,0.0,0.0,True
0,subtype_0,HALLMARK_XENOBIOTIC_METABOLISM,0.5971,0.0,774715186753274.5,0.6903,0.0,0.0,True
0,subtype_0,HALLMARK_IL6_JAK_STAT3_SIGNALING,-0.5928,-0.0,868928848145087.1,-0.685,0.0,0.0,True
0,subtype_0,HALLMARK_UV_RESPONSE_DN,-0.5783,0.0,-1978147140556178.8,-0.6675,0.0,0.0,True
0,subtype_0,HALLMARK_ALLOGRAFT_REJECTION,-0.5615,0.0,-621368125926372.4,-0.6473,0.0,0.0,True
0,subtype_0,HALLMARK_COMPLEMENT,-0.5008,0.0,-264750375543859.34,-0.5747,0.0,0.0,True
0,subtype_0,HALLMARK_MYC_TARGETS_V2,0.5001,0.0,1.6127461614392286e+16,0.5739,0.0,0.0,True
0,subtype_0,HALLMARK_PI3K_AKT_MTOR_SIGNALING,-0.4805,-0.0,417210733229696.4,-0.5508,0.0,0.0,True
0,subtype_0,HALLMARK_APICAL_SURFACE,-0.4767,-0.0,2069646920476238.8,-0.5463,0.0,0.0,True
0,subtype_0,HALLMARK_TNFA_SIGNALING_VIA_NFKB,-0.4182,0.0,-497567370428887.8,-0.4776,0.0,0.0,True
0,subtype_0,HALLMARK_ANDROGEN_RESPONSE,0.3926,-0.0,-364692524649705.75,0.4477,0.0,0.0,True
0,subtype_0,HALLMARK_INTERFERON_GAMMA_RESPONSE,-0.3704,0.0,-8360616312052279.0,-0.4219,0.0,0.0,True
0,subtype_0,HALLMARK_PEROXISOME,0.3215,0.0,1014960430066483.1,0.3654,0.0,0.0,True
0,subtype_0,HALLMARK_ANGIOGENESIS,0.3172,0.0,778231411011916.8,0.3604,0.0,0.0,True
0,subtype_0,HALLMARK_ESTROGEN_RESPONSE_EARLY,-0.3164,-0.0,2164394859069637.8,-0.3595,0.0,0.0,True
0,subtype_0,HALLMARK_INTERFERON_ALPHA_RESPONSE,-0.3135,0.0,-3931848423767989.0,-0.3562,0.0,0.0,True
0,subtype_0,HALLMARK_PROTEIN_SECRETION,0.3001,0.0,359393438329260.94,0.3408,0.0,0.0,True
0,subtype_0,HALLMARK_KRAS_SIGNALING_DN,-0.2799,-0.0,1755138636781878.0,-0.3176,0.0,0.0,True
0,subtype_0,HALLMARK_APICAL_JUNCTION,-0.2444,-0.0,3447913662872263.0,-0.2769,0.0,0.0,True
0,subtype_0,HALLMARK_KRAS_SIGNALING_UP,-0.2215,-0.0,526361101662932.7,-0.2509,0.0,0.0,True
0,subtype_0,HALLMARK_EPITHELIAL_MESENCHYMAL_TRANSITION,0.2135,0.0,4016423746123479.0,0.2417,0.0,0.0,True
0,subtype_0,HALLMARK_MYOGENESIS,-0.1742,-0.0,1.3110428138217354e+16,-0.1971,0.0,0.0,True
0,subtype_0,HALLMARK_COAGULATION,0.113,-0.0,-2125201847622928.0,0.1276,0.0,0.0,True
0,subtype_0,HALLMARK_HYPOXIA,0.0927,-0.0,-321775011972512.2,0.1046,0.0,0.0,True
0,subtype_0,HALLMARK_P53_PATHWAY,-0.0805,-0.0,229900515478904.1,-0.0909,0.0,0.0,True
0,subtype_0,HALLMARK_APOPTOSIS,-0.0716,-0.0,60984685412951.6,-0.0808,0.0,0.0,True
0,subtype_0,HALLMARK_IL2_STAT5_SIGNALING,-0.0127,-0.0,40850837432844.0,-0.0143,0.565742,0.565742,False
0,subtype_0,HALLMARK_PANCREAS_BETA_CELLS,-0.0077,0.0,-37060805436085.25,-0.0087,0.0,0.0,True
1,subtype_1,HALLMARK_PROTEIN_SECRETION,0.7409,0.0,887296853343666.9,1.2696,0.0,0.0,True
1,subtype_1,HALLMARK_PEROXISOME,0.6801,0.0,2147253518977910.0,1.1343,0.0,0.0,True
1,subtype_1,HALLMARK_ANDROGEN_RESPONSE,0.5751,-0.0,-534218001055894.1,0.9228,0.0,0.0,True
1,subtype_1,HALLMARK_ADIPOGENESIS,0.5741,0.0,1079927858172255.5,0.9209,0.0,0.0,True
1,subtype_1,HALLMARK_BILE_ACID_METABOLISM,0.5391,0.0,1193136516062795.0,0.8555,0.0,0.0,True
1,subtype_1,HALLMARK_KRAS_SIGNALING_DN,-0.5384,-0.0,3376316820514113.0,-0.8543,0.0,0.0,True
1,subtype_1,HALLMARK_IL6_JAK_STAT3_SIGNALING,0.4538,-0.0,-665267548499604.4,0.704,0.0,0.0,True
1,subtype_1,HALLMARK_APICAL_SURFACE,-0.4532,-0.0,1967482454264373.5,-0.7029,0.0,0.0,True
1,subtype_1,HALLMARK_MYC_TARGETS_V2,-0.4375,0.0,-1.41085303671127e+16,-0.676,0.0,0.0,True
1,subtype_1,HALLMARK_INTERFERON_ALPHA_RESPONSE,-0.4296,0.0,-5388038831121300.0,-0.6627,0.0,0.0,True
1,subtype_1,HALLMARK_INTERFERON_GAMMA_RESPONSE,-0.4067,0.0,-9179873862984408.0,-0.6241,0.0,0.0,True
1,subtype_1,HALLMARK_WNT_BETA_CATENIN_SIGNALING,-0.3937,0.0,-4040276979979187.5,-0.6027,0.0,0.0,True
1,subtype_1,HALLMARK_FATTY_ACID_METABOLISM,0.3885,-0.0,-382969496129701.1,0.5941,0.0,0.0,True
1,subtype_1,HALLMARK_UV_RESPONSE_DN,0.382,0.0,1306562511238847.2,0.5834,0.0,0.0,True
1,subtype_1,HALLMARK_GLYCOLYSIS,0.3519,0.0,3.972479694750996e+16,0.5345,0.0,0.0,True
1,subtype_1,HALLMARK_PI3K_AKT_MTOR_SIGNALING,0.345,-0.0,-299568220964560.56,0.5234,0.0,0.0,True
1,subtype_1,HALLMARK_DNA_REPAIR,-0.3402,-0.0,570982390439388.9,-0.5156,0.0,0.0,True
1,subtype_1,HALLMARK_MTORC1_SIGNALING,0.3197,-0.0,-767782867327263.1,0.4829,0.0,0.0,True
1,subtype_1,HALLMARK_ALLOGRAFT_REJECTION,-0.3152,0.0,-348763861352534.56,-0.4757,0.0,0.0,True
1,subtype_1,HALLMARK_TGF_BETA_SIGNALING,0.3087,-0.0,-590634060921374.1,0.4655,0.0,0.0,True
1,subtype_1,HALLMARK_ESTROGEN_RESPONSE_EARLY,-0.3078,-0.0,2105647607524720.2,-0.4641,0.0,0.0,True
1,subtype_1,HALLMARK_HEME_METABOLISM,-0.2922,0.0,-845766090366134.4,-0.4396,0.0,0.0,True
1,subtype_1,HALLMARK_CHOLESTEROL_HOMEOSTASIS,0.2865,-0.0,-1154999490666268.8,0.4306,0.0,0.0,True
1,subtype_1,HALLMARK_MYOGENESIS,-0.2788,-0.0,2.098179476129631e+16,-0.4186,0.0,0.0,True
1,subtype_1,HALLMARK_XENOBIOTIC_METABOLISM,0.264,0.0,342515532762014.6,0.3956,0.0,0.0,True
1,subtype_1,HALLMARK_OXIDATIVE_PHOSPHORYLATION,0.2633,0.0,371493442589863.25,0.3945,0.0,0.0,True
1,subtype_1,HALLMARK_REACTIVE_OXYGEN_SPECIES_PATHWAY,0.2587,0.0,583965642247140.8,0.3873,0.0,0.0,True
1,subtype_1,HALLMARK_APOPTOSIS,-0.2316,-0.0,197296783719309.75,-0.3457,0.0,0.0,True
1,subtype_1,HALLMARK_APICAL_JUNCTION,-0.224,-0.0,3160656818172561.5,-0.3341,0.0,0.0,True
1,subtype_1,HALLMARK_UV_RESPONSE_UP,-0.2199,0.0,-253212960849849.47,-0.3277,0.0,0.0,True
1,subtype_1,HALLMARK_COMPLEMENT,0.2119,0.0,112020856951799.98,0.3156,0.0,0.0,True
1,subtype_1,HALLMARK_HEDGEHOG_SIGNALING,0.2015,-0.0,-2934625971836843.5,0.2998,0.0,0.0,True
1,subtype_1,HALLMARK_HYPOXIA,0.1876,-0.0,-651478551383829.8,0.2787,0.0,0.0,True
1,subtype_1,HALLMARK_MITOTIC_SPINDLE,0.167,0.0,2692900934985008.0,0.2477,0.0,0.0,True
1,subtype_1,HALLMARK_P53_PATHWAY,0.164,-0.0,-468677139736067.1,0.2432,0.0,0.0,True
1,subtype_1,HALLMARK_ANGIOGENESIS,0.1475,0.0,361965492445576.3,0.2185,0.0,0.0,True
1,subtype_1,HALLMARK_G2M_CHECKPOINT,-0.1351,-0.0,9757599821827490.0,-0.1999,0.0,0.0,True
1,subtype_1,HALLMARK_COAGULATION,0.13,-0.0,-2445166295154795.5,0.1923,0.0,0.0,True
1,subtype_1,HALLMARK_PANCREAS_BETA_CELLS,0.1261,0.0,605797726085696.5,0.1865,0.0,0.0,True
1,subtype_1,HALLMARK_UNFOLDED_PROTEIN_RESPONSE,-0.1011,0.0,-608422644678246.4,-0.1493,0.0,0.0,True
1,subtype_1,HALLMARK_MYC_TARGETS_V1,-0.0808,0.0,-75416057506840.69,-0.1193,0.0,0.0,True
1,subtype_1,HALLMARK_EPITHELIAL_MESENCHYMAL_TRANSITION,0.0736,0.0,1385069148836616.0,0.1086,0.0,0.0,True
1,subtype_1,HALLMARK_NOTCH_SIGNALING,-0.0683,-0.0,1762286515810722.8,-0.1008,0.0,0.0,True
1,subtype_1,HALLMARK_IL2_STAT5_SIGNALING,0.0659,-0.0,-212617453285767.9,0.0972,0.565742,0.565742,False
1,subtype_1,HALLMARK_E2F_TARGETS,-0.0642,0.0,,-0.0947,0.0,0.0,True
1,subtype_1,HALLMARK_TNFA_SIGNALING_VIA_NFKB,-0.0584,0.0,-69436875299681.33,-0.0861,0.0,0.0,True
1,subtype_1,HALLMARK_KRAS_SIGNALING_UP,-0.0405,-0.0,96210500061978.1,-0.0597,0.0,0.0,True
1,subtype_1,HALLMARK_INFLAMMATORY_RESPONSE,0.0326,-0.0,-86652778668254.4,0.0481,0.0,0.0,True
1,subtype_1,HALLMARK_ESTROGEN_RESPONSE_LATE,-0.0214,-0.0,49995122443597.016,-0.0315,0.0,0.0,True
1,subtype_1,HALLMARK_SPERMATOGENESIS,-0.0118,0.0,-30653085136626.84,-0.0174,0.0,0.0,True
2,subtype_2,HALLMARK_CHOLESTEROL_HOMEOSTASIS,-1.2833,-0.0,5173150904369187.0,-1.9785,0.0,0.0,True
2,subtype_2,HALLMARK_HYPOXIA,-1.2179,-0.0,4229772563924060.5,-1.8252,0.0,0.0,True
2,subtype_2,HALLMARK_REACTIVE_OXYGEN_SPECIES_PATHWAY,-1.1936,0.0,-2694533459262187.5,-1.7714,0.0,0.0,True
2,subtype_2,HALLMARK_EPITHELIAL_MESENCHYMAL_TRANSITION,-1.1846,0.0,-2.2284877599074476e+16,-1.7519,0.0,0.0,True
2,subtype_2,HALLMARK_ALLOGRAFT_REJECTION,1.1824,0.0,1308397938340023.0,1.747,0.0,0.0,True
2,subtype_2,HALLMARK_COAGULATION,-1.1766,-0.0,2.2133539704951664e+16,-1.7346,0.0,0.0,True
2,subtype_2,HALLMARK_XENOBIOTIC_METABOLISM,-1.1446,0.0,-1485030277550969.2,-1.6675,0.0,0.0,True
2,subtype_2,HALLMARK_GLYCOLYSIS,-1.0767,0.0,-1.2153311369117061e+17,-1.5322,0.0,0.0,True
2,subtype_2,HALLMARK_ANGIOGENESIS,-1.0541,0.0,-2586592544148734.5,-1.4892,0.0,0.0,True
2,subtype_2,HALLMARK_MYC_TARGETS_V2,1.0399,0.0,3.353540233629486e+16,1.4625,0.0,0.0,True
2,subtype_2,HALLMARK_ADIPOGENESIS,-0.9519,0.0,-1790639467563457.5,-1.3052,0.0,0.0,True
2,subtype_2,HALLMARK_DNA_REPAIR,0.9003,-0.0,-1510988105169914.2,1.2181,0.0,0.0,True
2,subtype_2,HALLMARK_MYC_TARGETS_V1,0.8629,0.0,804885617404603.2,1.1571,0.0,0.0,True
2,subtype_2,HALLMARK_PI3K_AKT_MTOR_SIGNALING,-0.8419,-0.0,730932597564621.8,-1.1235,0.0,0.0,True
2,subtype_2,HALLMARK_UV_RESPONSE_UP,-0.8316,0.0,-957770145508780.6,-1.1072,0.0,0.0,True
2,subtype_2,HALLMARK_IL6_JAK_STAT3_SIGNALING,-0.8311,-0.0,1218251335599060.0,-1.1064,0.0,0.0,True
2,subtype_2,HALLMARK_P53_PATHWAY,-0.827,-0.0,2363203670350158.0,-1.1,0.0,0.0,True
2,subtype_2,HALLMARK_MITOTIC_SPINDLE,-0.795,0.0,-1.2818614990976136e+16,-1.0502,0.0,0.0,True
2,subtype_2,HALLMARK_MYOGENESIS,-0.7377,-0.0,5.55070640914995e+16,-0.9635,0.0,0.0,True
2,subtype_2,HALLMARK_WNT_BETA_CATENIN_SIGNALING,0.7229,0.0,7417891014262176.0,0.9416,0.0,0.0,True
2,subtype_2,HALLMARK_ESTROGEN_RESPONSE_LATE,-0.7206,-0.0,1685708207427795.2,-0.9382,0.0,0.0,True
2,subtype_2,HALLMARK_SPERMATOGENESIS,-0.6436,0.0,-1669859213229834.2,-0.8269,0.0,0.0,True
2,subtype_2,HALLMARK_PANCREAS_BETA_CELLS,0.6026,0.0,2894315387829051.0,0.7694,0.0,0.0,True
2,subtype_2,HALLMARK_KRAS_SIGNALING_UP,-0.5694,-0.0,1352954077009467.2,-0.7236,0.0,0.0,True
2,subtype_2,HALLMARK_APICAL_JUNCTION,-0.5686,-0.0,8022908558319362.0,-0.7226,0.0,0.0,True
2,subtype_2,HALLMARK_MTORC1_SIGNALING,-0.5569,-0.0,1337391342985506.0,-0.7065,0.0,0.0,True
2,subtype_2,HALLMARK_HEME_METABOLISM,-0.5548,0.0,-1605774328567289.5,-0.7037,0.0,0.0,True
2,subtype_2,HALLMARK_INTERFERON_GAMMA_RESPONSE,0.5258,0.0,1.18703751570984e+16,0.6644,0.0,0.0,True
2,subtype_2,HALLMARK_BILE_ACID_METABOLISM,-0.4893,0.0,-1082841403395043.0,-0.6155,0.0,0.0,True
2,subtype_2,HALLMARK_HEDGEHOG_SIGNALING,-0.4885,-0.0,7115128914573296.0,-0.6145,0.0,0.0,True
2,subtype_2,HALLMARK_UNFOLDED_PROTEIN_RESPONSE,0.4759,0.0,2864873187153160.5,0.5978,0.0,0.0,True
2,subtype_2,HALLMARK_FATTY_ACID_METABOLISM,-0.4613,-0.0,454694019418717.56,-0.5784,0.0,0.0,True
2,subtype_2,HALLMARK_INTERFERON_ALPHA_RESPONSE,0.4291,0.0,5381701499220060.0,0.5363,0.0,0.0,True
2,subtype_2,HALLMARK_ANDROGEN_RESPONSE,-0.4087,-0.0,379667801968649.2,-0.5098,0.0,0.0,True
2,subtype_2,HALLMARK_INFLAMMATORY_RESPONSE,-0.4005,-0.0,1063647474016915.2,-0.4992,0.0,0.0,True
2,subtype_2,HALLMARK_KRAS_SIGNALING_DN,-0.3793,-0.0,2378153264424540.0,-0.4718,0.0,0.0,True
2,subtype_2,HALLMARK_PROTEIN_SECRETION,-0.3342,0.0,-400189676237001.44,-0.4141,0.0,0.0,True
2,subtype_2,HALLMARK_TNFA_SIGNALING_VIA_NFKB,-0.3324,0.0,-395407267275603.5,-0.4118,0.0,0.0,True
2,subtype_2,HALLMARK_APOPTOSIS,-0.3285,-0.0,279805576010964.34,-0.4069,0.0,0.0,True
2,subtype_2,HALLMARK_OXIDATIVE_PHOSPHORYLATION,0.2918,0.0,411707473376840.94,0.3605,0.0,0.0,True
2,subtype_2,HALLMARK_NOTCH_SIGNALING,0.286,-0.0,-7379619932589669.0,0.3533,0.0,0.0,True
2,subtype_2,HALLMARK_E2F_TARGETS,0.285,0.0,,0.352,0.0,0.0,True
2,subtype_2,HALLMARK_PEROXISOME,-0.2574,0.0,-812713920808991.5,-0.3174,0.0,0.0,True
2,subtype_2,HALLMARK_APICAL_SURFACE,0.1553,-0.0,-674088375747664.0,0.1905,0.0,0.0,True
2,subtype_2,HALLMARK_UV_RESPONSE_DN,-0.1462,0.0,-500054402636272.0,-0.1793,0.0,0.0,True
2,subtype_2,HALLMARK_G2M_CHECKPOINT,-0.1125,-0.0,8130110214070440.0,-0.1379,0.0,0.0,True
2,subtype_2,HALLMARK_TGF_BETA_SIGNALING,-0.104,-0.0,198992711864833.3,-0.1274,0.0,0.0,True
2,subtype_2,HALLMARK_ESTROGEN_RESPONSE_EARLY,-0.0873,-0.0,597416691252184.8,-0.107,0.0,0.0,True
2,subtype_2,HALLMARK_IL2_STAT5_SIGNALING,-0.0472,-0.0,152073356990679.6,-0.0577,0.565742,0.565742,False
2,subtype_2,HALLMARK_COMPLEMENT,-0.0469,0.0,-24806570610261.984,-0.0574,0.0,0.0,True
3,subtype_3,HALLMARK_KRAS_SIGNALING_DN,0.7227,-0.0,-4531642702121248.0,1.4142,0.0,0.0,True
3,subtype_3,HALLMARK_OXIDATIVE_PHOSPHORYLATION,-0.7058,0.0,-995787719069320.6,-1.3664,0.0,0.0,True
3,subtype_3,HALLMARK_MYC_TARGETS_V1,-0.6516,0.0,-607801460783694.6,-1.2222,0.0,0.0,True
3,subtype_3,HALLMARK_MYOGENESIS,0.644,-0.0,-4.845574051993728e+16,1.203,0.0,0.0,True
3,subtype_3,HALLMARK_E2F_TARGETS,-0.6437,0.0,,-1.2025,0.0,0.0,True
3,subtype_3,HALLMARK_PROTEIN_SECRETION,-0.5562,0.0,-666094760924977.2,-0.9967,0.0,0.0,True
3,subtype_3,HALLMARK_PEROXISOME,-0.5482,0.0,-1730815806896703.5,-0.9791,0.0,0.0,True
3,subtype_3,HALLMARK_APICAL_JUNCTION,0.5373,-0.0,-7580410079166278.0,0.9553,0.0,0.0,True
3,subtype_3,HALLMARK_UNFOLDED_PROTEIN_RESPONSE,-0.5183,0.0,-3120265291791229.5,-0.9148,0.0,0.0,True
3,subtype_3,HALLMARK_DNA_REPAIR,-0.5147,-0.0,863821133652595.0,-0.9071,0.0,0.0,True
3,subtype_3,HALLMARK_MTORC1_SIGNALING,-0.4741,-0.0,1138500233391528.0,-0.8235,0.0,0.0,True
3,subtype_3,HALLMARK_FATTY_ACID_METABOLISM,-0.4671,-0.0,460483628916482.8,-0.8095,0.0,0.0,True
3,subtype_3,HALLMARK_APICAL_SURFACE,0.4523,-0.0,-1963695077538081.8,0.7802,0.0,0.0,True
3,subtype_3,HALLMARK_EPITHELIAL_MESENCHYMAL_TRANSITION,0.4443,0.0,8357436662363088.0,0.7643,0.0,0.0,True
3,subtype_3,HALLMARK_G2M_CHECKPOINT,-0.432,-0.0,3.120478023920586e+16,-0.7404,0.0,0.0,True
3,subtype_3,HALLMARK_COAGULATION,0.423,-0.0,-7958225778677533.0,0.7231,0.0,0.0,True
3,subtype_3,HALLMARK_BILE_ACID_METABOLISM,-0.4129,0.0,-913872388082671.0,-0.7038,0.0,0.0,True
3,subtype_3,HALLMARK_ANDROGEN_RESPONSE,-0.4079,-0.0,378914064428862.2,-0.6942,0.0,0.0,True
3,subtype_3,HALLMARK_HYPOXIA,0.4004,-0.0,-1390464916519137.0,0.68,0.0,0.0,True
3,subtype_3,HALLMARK_ESTROGEN_RESPONSE_EARLY,0.3979,-0.0,-2721972666851983.0,0.6754,0.0,0.0,True
3,subtype_3,HALLMARK_PANCREAS_BETA_CELLS,-0.3948,0.0,-1896231413904457.5,-0.6695,0.0,0.0,True
3,subtype_3,HALLMARK_INFLAMMATORY_RESPONSE,0.3833,-0.0,-1017940198439465.9,0.6481,0.0,0.0,True
3,subtype_3,HALLMARK_APOPTOSIS,0.3758,-0.0,-320146166987489.94,0.6342,0.0,0.0,True
3,subtype_3,HALLMARK_KRAS_SIGNALING_UP,0.3755,-0.0,-892235343243839.5,0.6336,0.0,0.0,True
3,subtype_3,HALLMARK_TNFA_SIGNALING_VIA_NFKB,0.3357,0.0,399396000643573.7,0.5612,0.0,0.0,True
3,subtype_3,HALLMARK_ADIPOGENESIS,-0.3291,0.0,-619024954958506.0,-0.5493,0.0,0.0,True
3,subtype_3,HALLMARK_HEME_METABOLISM,0.32,0.0,925996685389254.8,0.533,0.0,0.0,True
3,subtype_3,HALLMARK_ANGIOGENESIS,0.2876,0.0,705720384019048.2,0.4761,0.0,0.0,True
3,subtype_3,HALLMARK_P53_PATHWAY,0.2841,-0.0,-811878966929922.2,0.47,0.0,0.0,True
3,subtype_3,HALLMARK_MYC_TARGETS_V2,-0.282,0.0,-9093212384407728.0,-0.4663,0.0,0.0,True
3,subtype_3,HALLMARK_HEDGEHOG_SIGNALING,0.2787,-0.0,-4059486876588501.5,0.4606,0.0,0.0,True
3,subtype_3,HALLMARK_PI3K_AKT_MTOR_SIGNALING,0.2588,-0.0,-224727469804177.22,0.4263,0.0,0.0,True
3,subtype_3,HALLMARK_INTERFERON_ALPHA_RESPONSE,0.2512,0.0,3149947386985581.0,0.4131,0.0,0.0,True
3,subtype_3,HALLMARK_SPERMATOGENESIS,-0.2418,0.0,-627348019030922.6,-0.3971,0.0,0.0,True
3,subtype_3,HALLMARK_UV_RESPONSE_UP,0.2353,0.0,270979369285168.8,0.386,0.0,0.0,True
3,subtype_3,HALLMARK_NOTCH_SIGNALING,0.2107,-0.0,-5436881884845276.0,0.3446,0.0,0.0,True
3,subtype_3,HALLMARK_INTERFERON_GAMMA_RESPONSE,0.2023,0.0,4566029538574832.0,0.3304,0.0,0.0,True
3,subtype_3,HALLMARK_IL6_JAK_STAT3_SIGNALING,0.1955,-0.0,-286509419178725.0,0.319,0.0,0.0,True
3,subtype_3,HALLMARK_GLYCOLYSIS,-0.193,0.0,-2.1788805275763188e+16,-0.3149,0.0,0.0,True
3,subtype_3,HALLMARK_WNT_BETA_CATENIN_SIGNALING,0.1762,0.0,1808069545358933.5,0.2869,0.0,0.0,True
3,subtype_3,HALLMARK_XENOBIOTIC_METABOLISM,0.1482,0.0,192316872675712.1,0.2407,0.0,0.0,True
3,subtype_3,HALLMARK_ALLOGRAFT_REJECTION,-0.1339,0.0,-148155911874761.94,-0.2171,0.0,0.0,True
3,subtype_3,HALLMARK_CHOLESTEROL_HOMEOSTASIS,0.1246,-0.0,-502134107768143.0,0.2018,0.0,0.0,True
3,subtype_3,HALLMARK_REACTIVE_OXYGEN_SPECIES_PATHWAY,0.0851,0.0,192216634544938.38,0.1376,0.0,0.0,True
3,subtype_3,HALLMARK_UV_RESPONSE_DN,-0.0782,0.0,-267526536986627.0,-0.1264,0.0,0.0,True
3,subtype_3,HALLMARK_ESTROGEN_RESPONSE_LATE,0.0363,-0.0,-85004396954163.1,0.0586,0.0,0.0,True
3,subtype_3,HALLMARK_IL2_STAT5_SIGNALING,-0.0292,-0.0,94236860414024.16,-0.0471,0.565742,0.565742,False
3,subtype_3,HALLMARK_MITOTIC_SPINDLE,-0.0153,0.0,-246975971167444.1,-0.0247,0.0,0.0,True
3,subtype_3,HALLMARK_COMPLEMENT,-0.0056,0.0,-2943543160065.63,-0.009,0.0,0.0,True
3,subtype_3,HALLMARK_TGF_BETA_SIGNALING,-0.0027,-0.0,5196283697144.727,-0.0044,0.0,0.0,True
