sample_id,cluster_id,cluster_label,confidence
GSM1602801,3,subtype_3,0.9990265667392699
GSM1602802,1,subtype_1,0.9999997847847287
GSM1602803,1,subtype_1,0.9999985020475101
GSM1602804,2,subtype_2,0.9999999352153871
GSM1602805,1,subtype_1,0.9998968678554992
GSM1602806,1,subtype_1,0.9999998973179077
GSM1602807,2,subtype_2,0.999999994965723
GSM1602808,2,subtype_2,0.9999999999995381
GSM1602809,2,subtype_2,1.0
GSM1602810,2,subtype_2,0.9999999999995133
GSM1602811,3,subtype_3,0.9999999999999716
GSM1602812,1,subtype_1,0.9999999890662538
GSM1602813,0,subtype_0,1.0
GSM1602814,3,subtype_3,0.999999941013483
GSM1602815,0,subtype_0,1.0
GSM1602816,3,subtype_3,0.9979123029113461
GSM1602817,3,subtype_3,0.9999904833747242
GSM1602818,0,subtype_0,0.9999999991015969
GSM1602819,1,subtype_1,0.9999999999965148
GSM1602820,1,subtype_1,0.998074344045902
GSM1602821,1,subtype_1,0.9999999951112066
GSM1602822,2,subtype_2,0.9999999999999787
GSM1602823,0,subtype_0,1.0
GSM1602824,0,subtype_0,1.0
GSM1602825,1,subtype_1,0.9999999996588613
GSM1602826,3,subtype_3,0.9999985839241611
GSM1602827,1,subtype_1,0.9989998540015138
GSM1602828,2,subtype_2,0.9999999844824715
GSM1602829,1,subtype_1,0.9995722687530483
GSM1602830,1,subtype_1,0.9999999994124771
GSM1602831,1,subtype_1,0.9999999935732404
GSM1602832,2,subtype_2,0.9954139249344915
GSM1602833,0,subtype_0,1.0
GSM1602834,3,subtype_3,0.9979959236634288
GSM1602835,2,subtype_2,0.9999995184666823
GSM1602836,2,subtype_2,0.9999999994123883
GSM1602837,1,subtype_1,0.9998941596966358
GSM1602838,2,subtype_2,0.9998523065944421
GSM1602839,0,subtype_0,0.9999999993946496
GSM1602840,2,subtype_2,0.9999999999999716
GSM1602841,3,subtype_3,0.9953912627886288
GSM1602842,1,subtype_1,1.0
GSM1602843,3,subtype_3,0.9990584794946922
GSM1602844,1,subtype_1,1.0
GSM1602845,3,subtype_3,0.9999999999999929
GSM1602846,2,subtype_2,0.9999999968203959
GSM1602847,0,subtype_0,0.9999999937692436
GSM1602848,3,subtype_3,0.9999746144675019
GSM1602849,3,subtype_3,0.9999986285570007
GSM1602850,1,subtype_1,0.9999479520483752
GSM1602851,3,subtype_3,1.0
GSM1602852,0,subtype_0,1.0
GSM1602853,1,subtype_1,0.9991885967632927
GSM1602854,3,subtype_3,1.0
GSM1602855,1,subtype_1,1.0
GSM1602856,3,subtype_3,0.9999999999986358
GSM1602857,3,subtype_3,1.0
GSM1602858,1,subtype_1,0.9999178230175768
GSM1602859,0,subtype_0,0.9999999998041957
GSM1602860,3,subtype_3,0.9999908276213627
GSM1602861,1,subtype_1,0.9999999982345891
GSM1602862,2,subtype_2,1.0
GSM1602863,1,subtype_1,0.9993796258611203
GSM1602864,2,subtype_2,1.0
GSM1602865,3,subtype_3,0.9999999996699387
GSM1602866,2,subtype_2,0.9999998502574284
GSM1602867,3,subtype_3,0.9999992599695811
GSM1602868,1,subtype_1,0.9987221557853304
GSM1602869,1,subtype_1,0.9999954480131882
GSM1602870,2,subtype_2,1.0
GSM1602871,2,subtype_2,1.0
GSM1602872,2,subtype_2,0.9999999999999893
GSM1602873,1,subtype_1,0.9926998605563446
GSM1602874,2,subtype_2,1.0
GSM1602875,2,subtype_2,1.0
GSM1602876,2,subtype_2,0.9999999999999645
GSM1602877,3,subtype_3,1.0
GSM1602878,3,subtype_3,1.0
GSM1602879,3,subtype_3,1.0
GSM1602880,2,subtype_2,0.9999999997601563
GSM1602881,3,subtype_3,0.9999684838606585
GSM1602882,1,subtype_1,0.9999425869454546
GSM1602883,1,subtype_1,0.9999999999380762
GSM1602884,2,subtype_2,1.0
GSM1602885,1,subtype_1,0.9999999994975148
GSM1602886,3,subtype_3,0.9999975164350093
GSM1602887,3,subtype_3,1.0
GSM1602888,2,subtype_2,0.9998429867535421
GSM1602889,1,subtype_1,0.9999999999999218
GSM1602890,1,subtype_1,1.0
GSM1602891,2,subtype_2,0.9999997303711127
GSM1602892,2,subtype_2,0.9999999999621849
GSM1602893,2,subtype_2,0.9999983754771314
GSM1602894,2,subtype_2,1.0
GSM1602895,2,subtype_2,1.0
GSM1602896,2,subtype_2,1.0
GSM1602897,2,subtype_2,1.0
GSM1602898,2,subtype_2,0.9999999999824354
GSM1602899,2,subtype_2,1.0
GSM1602900,2,subtype_2,1.0
GSM1602901,2,subtype_2,1.0
GSM1602902,1,subtype_1,0.9999999999809468
GSM1602903,0,subtype_0,1.0
GSM1602904,2,subtype_2,0.9999965091499164
GSM1602905,2,subtype_2,0.9999981301359713
GSM1602906,3,subtype_3,0.9999995542883332
GSM1602907,3,subtype_3,0.9999999999999076
GSM1602908,0,subtype_0,0.9999999999986748
GSM1602909,2,subtype_2,1.0
GSM1602910,2,subtype_2,0.9999999999971152
GSM1602911,2,subtype_2,1.0
GSM1602912,3,subtype_3,1.0
GSM1602913,2,subtype_2,1.0
GSM1602914,2,subtype_2,1.0
GSM1602915,2,subtype_2,1.0
GSM1602916,2,subtype_2,1.0
GSM1602917,2,subtype_2,0.9999999999863078
GSM1602918,2,subtype_2,0.9999926140388261
GSM1602919,2,subtype_2,0.9999999978453644
GSM1602920,2,subtype_2,1.0
GSM1602921,3,subtype_3,0.9989633164862554
GSM1602922,3,subtype_3,0.9999999999721041
GSM1602923,0,subtype_0,1.0
GSM1602924,1,subtype_1,1.0
GSM1602925,3,subtype_3,0.9998333169776379
GSM1602926,3,subtype_3,1.0
GSM1602927,3,subtype_3,0.9999863634545361
GSM1602928,1,subtype_1,0.997036726784445
GSM1602929,3,subtype_3,0.9999999850292626
GSM1602930,2,subtype_2,0.9997985541775002
GSM1602931,2,subtype_2,0.9999993811603357
GSM1602932,1,subtype_1,1.0
GSM1602933,0,subtype_0,0.9999640049282882
GSM1602934,1,subtype_1,0.9992837109475229
GSM1602935,3,subtype_3,1.0
GSM1602936,1,subtype_1,0.999999999999833
GSM1602937,3,subtype_3,0.9999999714275565
GSM1602938,1,subtype_1,0.9997947798844322
GSM1602939,3,subtype_3,0.9999999999999645
GSM1602940,3,subtype_3,0.9999999999999716
GSM1602941,2,subtype_2,1.0
GSM1602942,3,subtype_3,0.9589033241968774
GSM1602943,1,subtype_1,0.9937188576643413
GSM1602944,3,subtype_3,1.0
GSM1602945,2,subtype_2,0.9986322991029588
GSM1602946,3,subtype_3,0.9999999999952891
GSM1602947,0,subtype_0,0.9999999996646594
GSM1602948,2,subtype_2,1.0
GSM1602949,1,subtype_1,0.9999990800026777
GSM1602950,3,subtype_3,0.9999072052958105
GSM1602951,1,subtype_1,0.9999978820751468
GSM1602952,2,subtype_2,0.9999996794823697
GSM1602953,0,subtype_0,1.0
GSM1602954,2,subtype_2,1.0
GSM1602955,2,subtype_2,0.9973869921217792
GSM1602956,2,subtype_2,1.0
GSM1602957,2,subtype_2,1.0
GSM1602958,2,subtype_2,1.0
GSM1602959,1,subtype_1,0.9986313771931603
GSM1602960,2,subtype_2,1.0
GSM1602961,2,subtype_2,1.0
GSM1602962,2,subtype_2,1.0
GSM1602963,2,subtype_2,1.0
GSM1602964,2,subtype_2,1.0
GSM1602965,2,subtype_2,1.0
GSM1602966,2,subtype_2,0.9999999999974989
GSM1602967,3,subtype_3,0.9995190382813842
GSM1602968,2,subtype_2,1.0
GSM1602969,2,subtype_2,1.0
GSM1602970,3,subtype_3,0.9999999955823569
GSM1602971,2,subtype_2,0.9999912098217382
GSM1602972,0,subtype_0,0.9999912750571008
GSM1602973,2,subtype_2,1.0
GSM1602974,3,subtype_3,1.0
GSM1602975,1,subtype_1,0.9999999999995595
GSM1602976,1,subtype_1,0.9999998921578546
GSM1691861,1,subtype_1,0.9999999999999432
GSM1691862,1,subtype_1,0.9020027975691476
GSM1691863,1,subtype_1,0.9999302245865088
GSM1691864,3,subtype_3,0.9859053519388004
GSM1691865,3,subtype_3,0.9999921541589084
GSM1691866,3,subtype_3,0.9912573353768483
GSM1691867,3,subtype_3,0.9997772652958263
GSM1691868,3,subtype_3,0.999999917148564
GSM1691869,3,subtype_3,0.9999999957224048
GSM1691870,3,subtype_3,0.9982139445251741
GSM1691871,1,subtype_1,0.9999999443294258
GSM1691873,2,subtype_2,0.9996541817320198
GSM1691874,3,subtype_3,1.0
GSM1691875,3,subtype_3,0.9999959181851348
GSM1691876,1,subtype_1,0.9999052243459863
GSM1691877,0,subtype_0,0.9999999991611439
GSM1691878,3,subtype_3,0.9999997763646001
GSM1691879,2,subtype_2,0.9986378089038424
GSM1691880,1,subtype_1,0.9999976008411661
GSM1691881,1,subtype_1,0.9999903208391361
GSM1691882,3,subtype_3,0.9999998543453081
GSM1691883,2,subtype_2,0.9999780881788317
GSM1691884,3,subtype_3,0.9994705410275075
GSM1691885,1,subtype_1,0.9996554729806895
GSM1691886,2,subtype_2,1.0
GSM1691887,3,subtype_3,0.9996472692623347
GSM1691888,3,subtype_3,0.9999870003889818
GSM1691889,0,subtype_0,1.0
GSM1691890,2,subtype_2,0.999999999672383
GSM1691891,1,subtype_1,0.9993885015701313
GSM1691892,1,subtype_1,0.9997827062621705
GSM1691893,3,subtype_3,1.0
GSM1691894,3,subtype_3,0.9999999999999929
GSM1691895,3,subtype_3,0.9675590825336423
GSM1691896,3,subtype_3,0.9999999989764952
GSM1691897,3,subtype_3,0.9999942968847917
GSM1691898,0,subtype_0,0.9999999843077952
GSM1691899,3,subtype_3,0.9999999999998366
GSM1691900,3,subtype_3,0.9999921307708675
GSM1691901,2,subtype_2,0.9994888109389142
GSM1691902,2,subtype_2,0.9999997284961721
GSM1691903,3,subtype_3,1.0
GSM1691904,1,subtype_1,0.9999917716772789
GSM1691905,2,subtype_2,0.9999999618055789
GSM1691906,2,subtype_2,0.9999999776951791
GSM1691907,2,subtype_2,1.0
GSM1691908,3,subtype_3,0.9999999300138984
GSM1691909,0,subtype_0,0.9999999999999041
GSM1691910,3,subtype_3,0.9996011576474183
GSM1691911,2,subtype_2,0.9981978858535215
GSM1691912,3,subtype_3,1.0
GSM1691913,2,subtype_2,0.9999999999999432
GSM1691914,3,subtype_3,1.0
GSM1691915,1,subtype_1,0.9997602305460661
GSM1691916,0,subtype_0,0.9999999999998366
GSM1691917,1,subtype_1,0.9999969299938891
GSM1691918,1,subtype_1,0.9999999999999893
GSM1691919,1,subtype_1,0.9866331467552366
GSM1691920,3,subtype_3,0.9942189022804253
GSM1691921,1,subtype_1,0.9999998248375708
GSM1691922,3,subtype_3,0.9999997325740788
GSM1691923,2,subtype_2,0.9999999999999893
GSM1691924,3,subtype_3,0.9999955870225029
GSM1691925,1,subtype_1,0.9999999748960885
GSM1691926,1,subtype_1,0.9987044912264118
GSM1691927,1,subtype_1,0.9999999999700648
GSM1691928,3,subtype_3,0.9983910359892163
GSM1691929,3,subtype_3,0.9999999945548872
GSM1691930,3,subtype_3,0.9999999998569038
GSM1691932,3,subtype_3,0.9999999916987079
GSM1691933,0,subtype_0,1.0
GSM1691934,1,subtype_1,0.9810396487030799
GSM1691935,3,subtype_3,0.9608515765649979
GSM1691936,2,subtype_2,0.9985934100057723
GSM1691937,0,subtype_0,1.0
GSM1691938,1,subtype_1,0.9999040939101643
GSM1691939,2,subtype_2,0.9999999370292179
GSM1691940,3,subtype_3,0.9844262325778831
GSM1691941,1,subtype_1,1.0
GSM1691942,3,subtype_3,1.0
GSM1691943,3,subtype_3,0.9999999853597147
GSM1691944,3,subtype_3,0.9999999999998721
GSM1691945,3,subtype_3,0.9999810437191007
GSM1691946,1,subtype_1,0.9998908657657086
GSM1691947,1,subtype_1,0.9999999999999787
GSM1691948,3,subtype_3,0.9999998877522486
GSM1691949,0,subtype_0,0.9999999993654747
GSM1691950,3,subtype_3,0.9999958375568007
GSM1691951,2,subtype_2,0.9998753849815727
GSM1691952,3,subtype_3,0.9999997794620187
GSM1691953,0,subtype_0,0.9999999999314895
GSM1691954,1,subtype_1,0.9993794269837969
GSM1691955,3,subtype_3,0.9971219576089695
GSM1691957,0,subtype_0,0.9998382616958752
GSM1691958,0,subtype_0,1.0
GSM1691959,1,subtype_1,0.9998471158245472
GSM1691960,1,subtype_1,0.9999707401036153
GSM1691961,3,subtype_3,0.9999999990746105
GSM1691962,0,subtype_0,0.9982018273050435
GSM1691963,2,subtype_2,0.9999999946459539
GSM1691964,1,subtype_1,0.9999995140228366
GSM1691965,1,subtype_1,0.9989893946188583
GSM1691966,3,subtype_3,0.99999998110755
GSM1691967,3,subtype_3,0.9999999999999929
GSM1691968,1,subtype_1,0.9999999992183604
GSM1691969,3,subtype_3,0.9989279593362906
GSM1691970,0,subtype_0,1.0
GSM1691971,3,subtype_3,0.9999998914631215
GSM1691972,2,subtype_2,0.9971123396411086
GSM1691973,3,subtype_3,0.9999999999999716
GSM1691974,1,subtype_1,0.9998021871970583
GSM1691975,0,subtype_0,0.9999999999987033
GSM1691976,3,subtype_3,0.9390475648951577
GSM1691977,3,subtype_3,1.0
GSM1691978,3,subtype_3,1.0
GSM1691979,1,subtype_1,0.9980465092324008
GSM1691980,0,subtype_0,0.9999999970957667
GSM1691981,3,subtype_3,0.9999414996670528
GSM1691982,3,subtype_3,0.999999759601494
GSM1691983,1,subtype_1,0.9999999933889718
GSM1691984,0,subtype_0,1.0
GSM1691985,1,subtype_1,0.9999506516551141
GSM1691986,1,subtype_1,0.9999933281746828
GSM1691987,1,subtype_1,0.9999563435719242
GSM1691988,3,subtype_3,1.0
GSM1691989,1,subtype_1,0.9997146016395355
GSM1691990,1,subtype_1,0.9999974994053354
GSM1691991,0,subtype_0,1.0
GSM1691992,1,subtype_1,0.9999999985152392
GSM1691993,2,subtype_2,0.9997703599155732
GSM1691994,1,subtype_1,0.9999002013938285
GSM1691995,0,subtype_0,0.9999999509546397
GSM1691996,3,subtype_3,1.0
GSM1691997,1,subtype_1,0.9999985829805617
GSM1691998,0,subtype_0,1.0
GSM1691999,1,subtype_1,0.9999301781730239
GSM1692000,3,subtype_3,0.9999999999977582
GSM1692001,1,subtype_1,0.9999748785508591
GSM1692002,0,subtype_0,0.9999999999809042
GSM1692003,3,subtype_3,0.9999888082189597
GSM1692004,3,subtype_3,0.9983131265880875
GSM1692005,3,subtype_3,0.9998910734334321
GSM1692006,1,subtype_1,0.9999999994336797
GSM1692007,1,subtype_1,0.9999999999971365
GSM1692008,3,subtype_3,0.9745298018225999
GSM1692009,0,subtype_0,0.9999999996649187
GSM1692010,2,subtype_2,0.9998862809070798
GSM1692011,3,subtype_3,0.9999999957638934
GSM1692012,1,subtype_1,0.9999958472901441
GSM1692015,1,subtype_1,0.9999237829740882
GSM1692016,3,subtype_3,0.9990715947265045
GSM1692017,1,subtype_1,1.0
GSM1692018,1,subtype_1,0.9972589032778908
GSM1692019,3,subtype_3,1.0
GSM1692020,2,subtype_2,0.9999999676738446
GSM1692021,2,subtype_2,1.0
GSM1692022,1,subtype_1,0.9999999604427118
GSM1692023,1,subtype_1,0.999993652173739
GSM1692024,0,subtype_0,1.0
GSM1692025,1,subtype_1,0.999999414621901
GSM1692026,3,subtype_3,0.9999999985471035
GSM1692027,2,subtype_2,0.9985303280237949
GSM1692028,3,subtype_3,0.9999999987220711
GSM1692029,1,subtype_1,0.999911657832963
GSM1692030,1,subtype_1,0.9973119427499089
GSM1692032,3,subtype_3,0.9999999997178435
GSM1692033,3,subtype_3,0.9999999999999787
GSM1692034,1,subtype_1,0.9963070088285794
GSM1692035,3,subtype_3,0.9999798649893896
GSM1692036,3,subtype_3,0.9865247795336199
GSM1692037,3,subtype_3,0.9999999999979181
GSM1692038,3,subtype_3,0.9999826137087064
GSM1692039,3,subtype_3,0.9999658304294036
GSM1692040,1,subtype_1,0.9999999950768874
GSM1692041,2,subtype_2,0.999359072260119
GSM1692042,3,subtype_3,0.9995147923068461
GSM1692043,1,subtype_1,0.9999999999997335
GSM1692044,3,subtype_3,0.9990661434631117
GSM1692045,1,subtype_1,0.9998814050641348
GSM1692046,1,subtype_1,0.9999999999999751
GSM1692047,0,subtype_0,0.9999999999999964
GSM1692048,3,subtype_3,0.9999995827955441
GSM1692049,3,subtype_3,0.9999999812969096
GSM1692050,0,subtype_0,0.9999999999997087
GSM1692051,1,subtype_1,0.9990995985219724
GSM1692052,1,subtype_1,1.0
GSM1692053,3,subtype_3,0.9999999999996376
GSM1692054,2,subtype_2,0.9967957645250908
GSM1692055,3,subtype_3,1.0
GSM1692056,3,subtype_3,0.9999999999457501
GSM1692057,3,subtype_3,0.9999999978568681
GSM1692058,3,subtype_3,0.9999999465274684
GSM1692059,0,subtype_0,0.9999993680414193
GSM1692060,0,subtype_0,0.9999999402833648
GSM1692061,3,subtype_3,0.9409785668102603
GSM1692062,3,subtype_3,0.999994367909019
GSM1692063,3,subtype_3,1.0
GSM1692064,0,subtype_0,1.0
GSM1692065,3,subtype_3,1.0
GSM1692066,3,subtype_3,0.9994498278124276
GSM1692067,3,subtype_3,0.9999999879810738
GSM1692068,2,subtype_2,1.0
GSM1692069,1,subtype_1,0.9996897880461049
GSM1692070,1,subtype_1,0.9999551713326399
GSM1692071,1,subtype_1,0.9999327906622145
GSM1692072,3,subtype_3,0.9999999999999645
GSM1692073,3,subtype_3,0.9999999999951896
GSM1692074,1,subtype_1,0.9999999961321535
GSM1692075,3,subtype_3,0.9999888619705054
GSM1692077,2,subtype_2,0.9999999933201913
GSM1692078,3,subtype_3,0.9999954716000802
GSM1692079,3,subtype_3,1.0
GSM1692080,2,subtype_2,0.999992686807339
GSM1692081,0,subtype_0,1.0
GSM1692082,1,subtype_1,0.9999724716814988
GSM1692083,3,subtype_3,0.9999999999982521
GSM1692084,1,subtype_1,0.9982276474708572
GSM1692085,3,subtype_3,0.9999999999998437
GSM1692086,1,subtype_1,0.9999999999998472
GSM1692087,3,subtype_3,0.999999077752032
GSM1692088,3,subtype_3,1.0
GSM1692089,2,subtype_2,0.9997486799034209
GSM1692090,1,subtype_1,0.9997241409196217
GSM1692091,3,subtype_3,0.9999999858872891
GSM1692092,3,subtype_3,0.9999999994298356
GSM1692093,1,subtype_1,0.9999866930279402
GSM1692094,3,subtype_3,0.9940136331627948
GSM1692095,3,subtype_3,1.0
GSM1692096,3,subtype_3,0.9999999970030551
GSM1692097,3,subtype_3,0.9846454687710242
GSM1692098,3,subtype_3,0.9999999996893862
GSM1692099,3,subtype_3,1.0
GSM1692100,3,subtype_3,0.9984486092938627
GSM1692101,3,subtype_3,0.9999999946057656
GSM1692102,2,subtype_2,0.9988653367932538
GSM1692103,1,subtype_1,0.99999999998969
GSM1692104,2,subtype_2,0.9999993543715663
GSM1692105,3,subtype_3,0.9988449017486114
GSM1692106,1,subtype_1,0.9837269743695969
GSM1692107,1,subtype_1,0.999999994907725
GSM1692108,0,subtype_0,1.0
GSM1692109,3,subtype_3,0.9997546543170062
GSM1692110,3,subtype_3,0.9999988016511349
GSM1692111,3,subtype_3,0.9999999999999929
GSM1692112,1,subtype_1,0.9999999999896012
GSM1692114,1,subtype_1,0.9931420653578497
GSM1692115,3,subtype_3,0.9999379106483446
GSM1692116,2,subtype_2,0.9999999994807816
GSM1692117,1,subtype_1,0.9999954514487214
GSM1692118,0,subtype_0,0.9999999999999929
GSM1692119,0,subtype_0,0.9999996893401913
GSM1692120,1,subtype_1,0.9999999988320027
GSM1692121,1,subtype_1,0.9999999999480309
GSM1692122,0,subtype_0,1.0
GSM1692123,3,subtype_3,1.0
GSM1692124,0,subtype_0,1.0
GSM1692125,2,subtype_2,0.9980148554521214
GSM1692126,1,subtype_1,0.9999999669139298
GSM1692127,2,subtype_2,0.9999999999559641
GSM1692128,2,subtype_2,1.0
GSM1692129,3,subtype_3,0.999999999931191
GSM1692130,1,subtype_1,0.9999994897032197
GSM1692131,3,subtype_3,0.9912251948019499
GSM1692132,3,subtype_3,0.98846593272047
GSM1692133,1,subtype_1,0.9999981806046985
GSM1692135,0,subtype_0,0.9999999732934913
GSM1692136,3,subtype_3,0.9999999999643663
GSM1692137,1,subtype_1,0.9999999999920846
GSM1692138,1,subtype_1,0.9999931164587843
GSM1692139,3,subtype_3,1.0
GSM1692140,3,subtype_3,0.9999999966546298
GSM1692141,1,subtype_1,0.9999999999705338
GSM1692142,3,subtype_3,0.9999999706371203
GSM1692143,3,subtype_3,0.9999994167902311
GSM1692144,2,subtype_2,0.999999800375884
GSM1692145,3,subtype_3,0.9999998227909132
GSM1692146,1,subtype_1,0.9999999999920561
GSM1692147,1,subtype_1,0.999772881655435
GSM1692148,0,subtype_0,0.9999999999987992
GSM1692149,0,subtype_0,0.999999999605226
GSM1692150,2,subtype_2,1.0
GSM1692151,0,subtype_0,1.0
GSM1692152,2,subtype_2,0.9999389620631763
GSM1692153,3,subtype_3,0.9988896756300676
GSM1692154,1,subtype_1,0.9999957650102479
GSM1692155,3,subtype_3,0.999999999844583
GSM1692156,1,subtype_1,0.9999998494928455
GSM1692157,3,subtype_3,0.9955785079541407
GSM1692158,3,subtype_3,0.9999999999919424
GSM1692159,2,subtype_2,0.9999470051907022
GSM1692160,3,subtype_3,1.0
GSM1692161,3,subtype_3,0.9999999516807859
GSM1692162,3,subtype_3,0.9999999072632421
GSM1692163,3,subtype_3,0.9986497513905661
GSM1692164,3,subtype_3,0.999999990447936
GSM1692165,3,subtype_3,0.9999574029271866
GSM1692166,1,subtype_1,0.9999999839268662
GSM1692167,1,subtype_1,0.9998740636723126
GSM1692168,3,subtype_3,0.999997492179777
GSM1692169,1,subtype_1,0.9997990980414098
GSM1692170,3,subtype_3,0.9999914175703442
GSM1692171,3,subtype_3,1.0
GSM1692172,0,subtype_0,1.0
GSM1692173,1,subtype_1,0.9999893311482227
GSM1692174,3,subtype_3,0.9999999992590958
GSM1692175,2,subtype_2,0.999991374634897
GSM1692176,2,subtype_2,0.9999999989829824
GSM1692177,0,subtype_0,1.0
GSM1692178,1,subtype_1,0.9997180857390513
GSM1692179,1,subtype_1,0.9978626863319016
GSM1692180,3,subtype_3,1.0
GSM1692181,3,subtype_3,0.9999999999981952
GSM1692182,2,subtype_2,0.99764432041268
GSM1692183,2,subtype_2,0.9999999998967581
GSM1692184,1,subtype_1,0.9999998462699733
GSM1692185,1,subtype_1,0.9999996493832122
GSM1692186,0,subtype_0,0.9999946967585741
GSM1692187,1,subtype_1,0.9999998928014819
GSM1692188,0,subtype_0,0.999999999922494
GSM1692189,1,subtype_1,0.9999983481349447
GSM1692190,3,subtype_3,0.9991145210629373
GSM1692191,0,subtype_0,1.0
GSM1692192,1,subtype_1,0.9999961757460315
GSM1692193,1,subtype_1,0.9998343829610826
GSM1692194,1,subtype_1,0.9999994576044721
GSM1692195,3,subtype_3,0.9998855655877004
GSM1692196,1,subtype_1,1.0
GSM1692197,2,subtype_2,1.0
GSM1692198,0,subtype_0,1.0
GSM1692199,1,subtype_1,0.9980055508585404
GSM1692200,3,subtype_3,0.9991062018488538
GSM1692201,3,subtype_3,0.9999999997728395
GSM1692202,2,subtype_2,0.9998887749369191
GSM1692203,0,subtype_0,0.9999629734964852
GSM1692204,1,subtype_1,0.9999900030984077
GSM1692205,3,subtype_3,1.0
GSM1692206,3,subtype_3,0.9952329696509541
GSM1692207,3,subtype_3,1.0
GSM1692208,3,subtype_3,0.9999999999999858
GSM1692209,2,subtype_2,0.9994590027105877
GSM1692210,2,subtype_2,0.9999999992574402
GSM1692211,3,subtype_3,0.9999999999878568
GSM1692212,1,subtype_1,1.0
GSM1692213,3,subtype_3,0.9982590578297846
GSM1692214,1,subtype_1,0.9997930905683391
GSM1692215,3,subtype_3,1.0
GSM1692216,2,subtype_2,0.9999452684229586
GSM1692217,1,subtype_1,1.0
GSM1692218,1,subtype_1,0.9999998351543617
GSM1692219,2,subtype_2,0.9889235540554726
GSM1692220,3,subtype_3,0.9999981509771315
GSM1692221,0,subtype_0,0.9999999452143429
GSM1692222,3,subtype_3,0.9983318497045395
GSM1692223,3,subtype_3,0.9999214282128827
GSM1692224,1,subtype_1,0.9999966498806981
GSM1692225,0,subtype_0,0.9999991259259763
GSM1692226,3,subtype_3,0.9999999983328891
GSM1692227,1,subtype_1,0.9999999999964366
GSM1692228,2,subtype_2,0.9999989188181769
GSM1692229,1,subtype_1,0.9999997704040858
GSM1692230,3,subtype_3,0.9999987714901352
GSM1692231,1,subtype_1,0.9999895246127091
GSM1692232,1,subtype_1,0.9969000373163511
GSM1692233,3,subtype_3,0.996338129398559
GSM1692234,3,subtype_3,0.9999999999988631
GSM1692235,3,subtype_3,1.0
GSM1692237,0,subtype_0,0.9999999974720595
GSM1692238,1,subtype_1,0.9998945074626704
GSM1692239,3,subtype_3,0.999999999986855
GSM1692240,1,subtype_1,0.999999999883304
GSM1692241,3,subtype_3,0.9999999381087205
GSM1692242,3,subtype_3,0.9999999981200745
GSM1692243,3,subtype_3,0.9999998949501736
GSM1692244,3,subtype_3,0.9999999996741806
GSM1692245,3,subtype_3,0.9999993692849323
GSM1692246,2,subtype_2,1.0
GSM1692247,3,subtype_3,0.8445271740837242
GSM1692248,1,subtype_1,0.9965005525067839
GSM1692249,3,subtype_3,0.9995937833836911
GSM1692250,2,subtype_2,1.0
GSM1692251,0,subtype_0,1.0
GSM1692252,1,subtype_1,0.9991148804745135
GSM1692253,1,subtype_1,0.993684158598575
GSM1692254,3,subtype_3,0.9999998722495758
GSM1692255,1,subtype_1,0.9999010011516172
GSM1692256,3,subtype_3,0.999999999944702
GSM1692257,1,subtype_1,0.9999533252011522
GSM1692258,0,subtype_0,1.0
GSM1692259,1,subtype_1,1.0
GSM1692260,1,subtype_1,0.9999999695994544
GSM1692261,1,subtype_1,0.9999780724225935
GSM1692262,3,subtype_3,0.9991770256402612
GSM1692263,1,subtype_1,0.9999918299298943
GSM1692264,1,subtype_1,0.9999999983992396
GSM1692265,1,subtype_1,0.999999981099567
GSM1692266,3,subtype_3,0.9795126707403238
GSM1692267,1,subtype_1,0.999992993250414
GSM1692268,3,subtype_3,1.0
GSM1692269,2,subtype_2,0.9993493670845385
GSM1692270,3,subtype_3,0.9999999232191173
GSM1692271,3,subtype_3,1.0
GSM1692272,0,subtype_0,1.0
GSM1692273,1,subtype_1,0.9957371664348459
GSM1692274,3,subtype_3,0.999911839860078
GSM1692275,3,subtype_3,0.9999999618623406
GSM1692276,3,subtype_3,0.9999148191281306
GSM1692277,1,subtype_1,0.9990114204009838
GSM1692278,1,subtype_1,0.9999999999986215
GSM1692279,3,subtype_3,0.9999999786967957
GSM1692280,1,subtype_1,0.999919712879274
GSM1692281,2,subtype_2,0.9999799229850735
GSM1692282,2,subtype_2,0.999991629640702
GSM1692283,3,subtype_3,0.9998800885523049
GSM1692284,1,subtype_1,0.9999999997699192
GSM1692286,2,subtype_2,0.9873125115754734
GSM1692287,1,subtype_1,0.9999999999936833
GSM1692288,1,subtype_1,0.99999999973158
GSM1692289,1,subtype_1,0.9998923870058483
GSM1692290,3,subtype_3,0.988899773565064
GSM1692291,3,subtype_3,0.9999982257172173
GSM1692292,3,subtype_3,0.9999999520965848
GSM1692293,3,subtype_3,0.9999998968785331
GSM1692294,1,subtype_1,0.9998463955493386
GSM1692295,3,subtype_3,0.999999999936712
GSM1692296,1,subtype_1,0.9999999998781206
GSM1692297,1,subtype_1,0.9999991776350512
GSM1692298,1,subtype_1,0.9999999999999218
GSM1692299,3,subtype_3,0.999998612799817
GSM1692300,2,subtype_2,0.9999950173555556
GSM1692301,0,subtype_0,0.9999997667991162
GSM1692302,1,subtype_1,0.9999929457908984
GSM1692303,1,subtype_1,0.999999999757037
GSM1692304,1,subtype_1,0.999546512441677
GSM1692305,1,subtype_1,0.9999948029194786
GSM1692306,1,subtype_1,0.9995729211705288
GSM1692307,1,subtype_1,0.9998733696356908
GSM1692308,0,subtype_0,0.9999999999999893
GSM1692309,1,subtype_1,0.9999999996233555
GSM1692310,0,subtype_0,0.9999830679888216
GSM1692311,1,subtype_1,0.9997895399518737
GSM1692312,3,subtype_3,1.0
GSM1692313,3,subtype_3,1.0
GSM1692314,1,subtype_1,0.9999767842064418
GSM1692315,2,subtype_2,0.9999932873988141
GSM1692316,1,subtype_1,0.9998421790216284
GSM1692317,3,subtype_3,0.9999999869046016
GSM1692318,1,subtype_1,0.9999998427885098
GSM1692319,1,subtype_1,0.9999930403402925
GSM1692320,2,subtype_2,0.9999999956922139
GSM1692321,3,subtype_3,0.9999999999999858
GSM1692322,1,subtype_1,0.9999999821979487
GSM1692323,1,subtype_1,0.9999989831335602
GSM1692324,1,subtype_1,0.9999990450292143
GSM1692326,2,subtype_2,0.9999999999999574
GSM1692327,3,subtype_3,0.99881174473688
GSM1692328,3,subtype_3,0.9941472918657871
GSM1692329,1,subtype_1,0.9999999999999787
GSM1692330,1,subtype_1,0.9882675483184109
GSM1692331,0,subtype_0,0.9999999998188258
GSM1692332,0,subtype_0,0.9999999999796572
GSM1692333,3,subtype_3,0.9999922951032083
GSM1692334,1,subtype_1,0.9986103773326908
GSM1692335,0,subtype_0,1.0
GSM1692336,2,subtype_2,0.9999955370915897
GSM1692337,1,subtype_1,0.9999999947460481
GSM1692338,2,subtype_2,1.0
GSM1692339,3,subtype_3,1.0
GSM1692340,1,subtype_1,0.9999884268058009
GSM1692341,3,subtype_3,0.94706436046807
GSM1692342,3,subtype_3,0.9684714215171446
GSM1692343,1,subtype_1,0.9999999590408928
GSM1692344,3,subtype_3,0.9998695078421636
GSM1692345,2,subtype_2,0.9999999802456474
GSM1692346,1,subtype_1,0.4913114844718448
GSM1692347,1,subtype_1,0.9999740890972939
GSM1692348,3,subtype_3,0.9999999527916625
GSM1692349,3,subtype_3,1.0
GSM1692350,3,subtype_3,1.0
GSM1692352,0,subtype_0,1.0
GSM1692353,0,subtype_0,1.0
GSM1692354,0,subtype_0,1.0
GSM1692355,3,subtype_3,0.9999999347930263
GSM1692356,3,subtype_3,0.9977542293359775
GSM1692357,1,subtype_1,0.9999999996627871
GSM1692358,3,subtype_3,1.0
GSM1692359,0,subtype_0,0.9946272599262028
GSM1692360,2,subtype_2,0.9972266560958374
GSM1692361,1,subtype_1,0.9999999999666116
GSM1692362,1,subtype_1,0.9999994070715291
GSM1692363,3,subtype_3,1.0
GSM1692364,0,subtype_0,1.0
GSM1692365,3,subtype_3,0.9999999999964402
GSM1692366,0,subtype_0,1.0
GSM1692367,1,subtype_1,0.9999598528549314
GSM1692368,3,subtype_3,0.9999999999483151
GSM1692369,0,subtype_0,0.999999986744264
GSM1692370,1,subtype_1,0.9999971698001187
GSM1692371,1,subtype_1,0.9984459739484028
GSM1692372,1,subtype_1,0.9999936074412448
GSM1692373,1,subtype_1,0.9999997071211448
GSM1692374,1,subtype_1,0.9976900078004642
GSM1692375,3,subtype_3,0.9999999996868922
GSM1692376,3,subtype_3,0.9999418441072045
GSM1692377,3,subtype_3,0.9999820239717043
GSM1692378,1,subtype_1,0.9999967202395329
GSM1692379,1,subtype_1,0.9999999999986215
GSM1692380,3,subtype_3,0.999999422466409
GSM1692381,3,subtype_3,0.9993193666755412
GSM1692382,3,subtype_3,0.9999999908254296
GSM1692383,1,subtype_1,0.9957080673490728
GSM1692384,3,subtype_3,0.9999995333081083
GSM1692385,0,subtype_0,0.9999999999999893
GSM1692386,1,subtype_1,0.9999998028109366
GSM1692387,1,subtype_1,0.9999999921484921
GSM1692388,0,subtype_0,1.0
GSM1692389,2,subtype_2,0.999999999975909
GSM1692390,0,subtype_0,1.0
GSM1692391,0,subtype_0,0.999999999999968
GSM1692392,1,subtype_1,0.999989044983264
GSM1692393,3,subtype_3,0.9999999999540776
GSM1692394,3,subtype_3,0.9998272924975017
GSM1692395,3,subtype_3,0.9999995666287604
GSM1692396,1,subtype_1,0.9999999999981881
GSM1692397,1,subtype_1,0.9472156288377639
GSM1692398,3,subtype_3,0.9999652748773329
GSM1692399,3,subtype_3,0.9999999628365195
GSM1692400,1,subtype_1,0.999585581701981
GSM1692402,3,subtype_3,0.9989313131410124
GSM1692404,1,subtype_1,0.9984627220712498
GSM1692405,3,subtype_3,0.9999999998433466
GSM1692406,3,subtype_3,0.9974353462791219
GSM1692407,1,subtype_1,0.9994984595856146
GSM1692408,1,subtype_1,0.9999999978315728
GSM1692409,3,subtype_3,0.9999999999999858
GSM1692410,3,subtype_3,0.9995928237912781
GSM1692411,2,subtype_2,0.9999995495299052
GSM1692412,3,subtype_3,0.999847716124446
GSM1692413,3,subtype_3,0.9999970527938495
GSM1692414,0,subtype_0,0.9999999848547355
GSM1692415,1,subtype_1,0.999999921091177
GSM1692416,1,subtype_1,0.9999991355166997
GSM1692417,2,subtype_2,0.9997005433573781
GSM1692418,3,subtype_3,0.9996878320283578
GSM1692419,2,subtype_2,0.9999999999999716
GSM1692420,3,subtype_3,0.9999999384535362
GSM1692421,1,subtype_1,0.9999995892133375
GSM1692422,1,subtype_1,0.9996286825960369
GSM1692423,2,subtype_2,0.9999995109125793
GSM1692424,1,subtype_1,0.9999996918288949
GSM1692425,3,subtype_3,1.0
GSM1692426,3,subtype_3,0.99999999848459
GSM1692427,3,subtype_3,0.9999999950892615
GSM1692428,1,subtype_1,0.9999999846182989
GSM1692429,3,subtype_3,0.9994953134381417
GSM1692430,3,subtype_3,0.9999692478206998
GSM1692431,1,subtype_1,0.9998017146866425
GSM1692432,3,subtype_3,0.9988736322428372
GSM1692433,2,subtype_2,0.9999998213247441
GSM1692434,3,subtype_3,0.9999014981676942
GSM1692435,1,subtype_1,0.9969053632807254
GSM1692436,1,subtype_1,0.9999996995033297
GSM1692437,3,subtype_3,0.9999999259922269
GSM1692438,1,subtype_1,0.9989926990290118
GSM1692439,3,subtype_3,0.999981764237574
GSM1692440,3,subtype_3,0.9996274182035145
GSM1692441,1,subtype_1,0.9998595776787834
GSM1692442,1,subtype_1,0.9977234881839978
GSM1692443,3,subtype_3,0.9999999999644444
GSM1692444,3,subtype_3,1.0
GSM1692445,1,subtype_1,0.9999999374433577
GSM1692446,0,subtype_0,0.9999999999998863
GSM1692447,3,subtype_3,0.9999999985097396
GSM1692448,3,subtype_3,0.9999999987619859
GSM1692449,0,subtype_0,0.999999999781128
GSM1692450,3,subtype_3,0.9999999998780424
GSM1692451,2,subtype_2,0.9999973718296009
GSM1692452,1,subtype_1,0.9999824315557545
GSM1692453,3,subtype_3,0.9999999999999787
GSM1692454,1,subtype_1,0.9999999884641398
GSM1692455,2,subtype_2,0.9999148882410859
GSM1692456,3,subtype_3,0.9999998294958988
GSM1692457,3,subtype_3,0.9963006321912523
GSM1692458,3,subtype_3,0.9999999999999929
GSM1692459,1,subtype_1,0.9999996001387377
GSM1692460,3,subtype_3,0.9921105641964355
GSM1692461,0,subtype_0,0.999996602394083
GSM1692462,1,subtype_1,0.9999998999120706
GSM1692463,3,subtype_3,0.999999998783192
GSM1692465,1,subtype_1,0.9999999912608857
GSM1692466,2,subtype_2,0.999999414417446
GSM1692467,1,subtype_1,1.0
GSM1692468,1,subtype_1,0.9999770908556166
GSM1692469,2,subtype_2,0.9999999969378663
GSM1692470,1,subtype_1,0.9999063648523031
GSM1692471,0,subtype_0,0.999999500791571
GSM1692472,0,subtype_0,0.9993568125922622
GSM1692473,3,subtype_3,0.9998104704084262
GSM1692474,1,subtype_1,0.9999825532250333
GSM1692475,3,subtype_3,0.9999999763557884
GSM1692476,3,subtype_3,0.9999988466743276
GSM1692477,0,subtype_0,1.0
GSM1692478,0,subtype_0,0.999999999991843
GSM1692479,3,subtype_3,0.9999999601529169
GSM1692480,3,subtype_3,0.9999982116347295
GSM1692481,1,subtype_1,0.9999999954709686
GSM1692482,3,subtype_3,0.999999274052677
GSM1692483,1,subtype_1,0.9999999216238744
GSM1692484,3,subtype_3,0.9999523093541398
GSM1692485,1,subtype_1,0.9982415885687965
GSM1692487,3,subtype_3,1.0
GSM1692488,1,subtype_1,0.9999847784138032
GSM1692489,3,subtype_3,0.9999999972546973
GSM1692490,3,subtype_3,1.0
GSM1692491,3,subtype_3,0.9991132084142796
GSM1692492,2,subtype_2,0.999999921453504
GSM1692493,1,subtype_1,0.9999999843591639
GSM1692494,3,subtype_3,0.9976836170047744
GSM1692495,3,subtype_3,1.0
GSM1692496,2,subtype_2,0.9992975362132368
GSM1692497,1,subtype_1,0.9998002127032958
GSM1692498,3,subtype_3,0.999999999900723
GSM1692499,1,subtype_1,0.9999999999999964
GSM1692501,1,subtype_1,0.9999608738249451
GSM1692502,1,subtype_1,0.995922607211846
GSM1692503,3,subtype_3,0.9999999996689546
GSM1692504,1,subtype_1,0.9591757120185065
